{
  "bloodDonors": [
    {
      "id": 101,
      "donorName": "Ramesh",
      "bloodGroup": "opos",
      "phoneNumber": 12932,
      "lastDonated": "2019-05-12"
    },
    {
      "id": 101,
      "donorName": "Rajesh",
      "bloodGroup": "abneg",
      "phoneNumber": 1293122,
      "lastDonated": "2019-05-12"
    },
    {
      "id": 101,
      "donorName": "Rakesh",
      "bloodGroup": "opos",
      "phoneNumber": 1293322,
      "lastDonated": "2019-05-12"
    },
    {
      "id": "109",
      "donorName": "",
      "bloodGroup'": "",
      "phoneNumber": 0,
      "lastDonated": "",
      "donoName": "Surya"
    }
  ],
  "hospitals": [],
  "sponsors": []
}